{
  "name": "Slack Slash Command",
  "form": "6c4cc903-5c73-481c-99a5-52aaf80501c3",
  "blocks": [
    {
      "id": "9060387d-8736-4b29-91b1-f8ca3ae406ee",
      "label": "Slack Slash Command - Slack - Parse Slash Command",
      "environment": "HOSTED",
      "presentation": "{\"w\":60,\"x\":-302,\"h\":60,\"y\":-126}",
      "step": "b41ad9b6-a1c4-4db6-9ba8-b647191ebed6",
      "stepType": "INTEGRATION"
    },
    {
      "id": "af2bcd1d-77f0-4117-ae21-85cb98df52ba",
      "label": "xMatters Create Event - Slack Slash Command",
      "environment": "HOSTED",
      "presentation": "{\"w\":60,\"x\":-113,\"h\":60,\"y\":-125}",
      "step": "6c4cc903-5c73-481c-99a5-52aaf80501c3",
      "stepType": "CREATE_EVENT"
    }
  ],
  "edges": [
    {
      "fromBlock": "9060387d-8736-4b29-91b1-f8ca3ae406ee",
      "fromPort": "output",
      "toBlock": "af2bcd1d-77f0-4117-ae21-85cb98df52ba",
      "toPort": "input"
    }
  ]
}