{
  "name": "Slack Slash Command",
  "form": "6c4cc903-5c73-481c-99a5-52aaf80501c3",
  "blocks": [
    {
      "id": "3f2ddaf9-6105-4f0d-8d3d-feacaaddda4d",
      "label": "Slack Slash Command - Slack - Parse Slash Command",
      "environment": "HOSTED",
      "presentation": "{\"w\":60,\"x\":-238,\"h\":60,\"y\":-116}",
      "step": "99e1d8b0-0835-4de6-af74-67a994ad90c9",
      "stepType": "INTEGRATION"
    },
    {
      "id": "af2bcd1d-77f0-4117-ae21-85cb98df52ba",
      "label": "xMatters Create Event",
      "environment": "HOSTED",
      "presentation": "{\"w\":60,\"x\":-52,\"h\":60,\"y\":-116}",
      "stepType": "CREATE_EVENT"
    }
  ],
  "edges": [
    {
      "fromBlock": "3f2ddaf9-6105-4f0d-8d3d-feacaaddda4d",
      "fromPort": "output",
      "toBlock": "af2bcd1d-77f0-4117-ae21-85cb98df52ba",
      "toPort": "input"
    }
  ]
}