[
  {
    "id": "1eba0424-fa2e-4771-a581-a97c71054e02",
    "name": "Slack - Parse Slash Command",
    "description": "Triggers from a slack command",
    "icon": "https://s3-xmatters-static.s3.amazonaws.com/null/customers/aa4ff4cd-06da-460c-b2d0-bb34ad66da69/IMAGE__20200219002513841__slack.png",
    "script": "parameters = request.parameters;\n\noutput['command'] = parameters['command'];\noutput['text'] = parameters['text'];\noutput['user_id'] = parameters['user_id'];\noutput['user_name'] = parameters['user_name'];\noutput['channel_name'] = parameters['channel_name'];\noutput['channel_id'] = parameters['channel_id'];",
    "allowedEnvironment": "HOSTED",
    "accessibleByAll": "NotShared",
    "triggerAuthType": "URL_AUTH",
    "scriptStepType": "CUSTOM_HTTP",
    "inputs": [],
    "outputs": [
      {
        "id": "0d25c8e6-19ac-44a8-95a7-e28499724dcd",
        "name": "command",
        "position": 0
      },
      {
        "id": "f0d64e2d-2342-452a-b39c-49a5934f3654",
        "name": "text",
        "position": 1
      },
      {
        "id": "011fc3b9-259e-4f88-9964-47b991ea1dfc",
        "name": "user_id",
        "position": 2
      },
      {
        "id": "2f3b5340-2a68-4230-8b86-05300e89605e",
        "name": "user_name",
        "position": 3
      },
      {
        "id": "5a1cb836-0a6a-4c6d-8f21-ae7af7495f9f",
        "name": "channel_name",
        "position": 4
      },
      {
        "id": "865f70e4-3aed-4755-86bc-ec61e9b69185",
        "name": "channel_id",
        "position": 5
      }
    ],
    "libraries": []
  }
]